text,scam_type
"Dear customer, your SBI KYC is expired. Update now at http://sbi-kyc-update.xyz or your account will be blocked today.",fake KYC
"Congratulations! You won Rs 25,00,000 in KBC lottery. Call 9876500000 to claim your prize immediately.",lottery
"Your electricity will be disconnected tonight at 9:30 PM. Pay pending bill Rs 540 now: http://bescom-pay.in.net",electricity bill
"Your UPI payment of Rs 4,999 failed. To get your refund, scan this QR code or share your UPI PIN with our agent: http://upi-refund-help.top",UPI refund
"Sir, Rs 2,000 was sent to you by mistake on PhonePe. Please accept the collect request to return it to us urgently.",UPI refund
"Urgent hiring! Work from home, earn Rs 5,000 daily by liking videos. Pay Rs 500 registration fee to start. WhatsApp 9123400000",job offer
"Congratulations, you are selected for Amazon data entry job. Salary Rs 45,000 per month. Send Aadhaar and bank details to confirm.",job offer
"Instant loan Rs 50,000 approved in 5 minutes with no documents. Install our app now: http://quick-cash-loan.site",loan app
"Your loan is overdue. Pay Rs 8,200 today or we will send your photos and contacts to all your family and friends.",loan app
"Your parcel is held at the courier office due to an incomplete address. Pay Rs 25 redelivery fee here: http://india-post-track.xyz",parcel
"Customs has seized your package from abroad. Pay Rs 3,500 clearance charge today to avoid legal action. Call 9988700000",parcel
"Your OTP for transaction of Rs 19,999 is 482913. If this was not you, share the OTP with our bank executive to cancel it.",bank OTP
"Dear user, your debit card is blocked. Call 9871200000 now and tell the 6 digit code you receive to reactivate it within 1 hour.",bank OTP
"Your Aadhaar is linked to illegal activity. Cyber police will arrest you today. Call 9812300000 immediately to settle.",fake authority
"Dear customer, your PAN card is not linked and your account will be frozen. Update now: http://pan-link-update.top",fake KYC
"HDFC Bank: Your net banking will be suspended today. Verify your details here: http://hdfc-secure-verify.xyz",fake KYC
"You have won an iPhone 15 in the Flipkart Big Billion lucky draw. Pay Rs 99 delivery charge to claim: http://flipkart-winner.site",lottery
"Dear user, you are the lucky winner of Rs 10 lakh from Jio anniversary draw. Send your bank details to receive the money.",lottery
"Your electricity connection will be cut at 10 PM due to unpaid bills. Call our officer 9876100000 right now.",electricity bill
"TNEB alert: Your last month bill is not updated. Update immediately to avoid disconnection: http://tneb-bill-update.in.net",electricity bill
"Your Paytm KYC has expired and wallet will be blocked. Complete KYC now: http://paytm-kyc-verify.top",fake KYC
"Part time job: Earn Rs 3,000 per day by rating hotels on Google Maps. Join our Telegram group now: http://t.me/earnfast",job offer
"Your pre-approved personal loan of Rs 2 lakh is ready. Pay Rs 1,500 processing fee to release the amount today.",loan app
"Your FedEx package is on hold. Confirm your address and pay Rs 49 delivery fee: http://fedex-india-delivery.xyz",parcel
"Your income tax refund of Rs 18,540 is approved. Click here to claim and enter your bank account number: http://incometax-refund.top",fake authority
"Dear customer, a login attempt was made on your account from another device. Share the OTP to block it immediately.",bank OTP
"Your SIM will be deactivated in 2 hours due to incomplete verification. Call 9955500000 to avoid disconnection.",fake authority
"Money received Rs 15,000 on Google Pay by mistake. Kindly return it to our number urgently, I am in a medical emergency.",UPI refund
"SBI Alert: Your YONO account is locked. Unlock now by entering your login details here: http://yono-sbi-unlock.xyz",fake KYC
"Dear customer, your ICICI credit card reward points worth Rs 9,850 will expire today. Redeem now: http://icici-rewards-claim.top",lottery
"Congratulations! Your mobile number has won Rs 5 crore in the WhatsApp international lottery. Reply with your name and bank account.",lottery
"Final notice: Your electricity meter will be removed tomorrow. Pay Rs 1,200 immediately via this link: http://power-bill-pay.site",electricity bill
"Dear sir, I accidentally sent Rs 6,000 to your Paytm. Please send it back to this number 9876543210, I need it urgently.",UPI refund
"Hiring for Flipkart packing job from home. Earn Rs 800 per hour. Pay Rs 300 for the starter kit and join WhatsApp 9811100000",job offer
"Your credit limit has been increased by Rs 1 lakh. Click here to accept the offer and enter your card number and CVV.",bank OTP
"Loan recovery team: You have 24 hours to repay Rs 12,000. Otherwise we will call everyone in your contact list.",loan app
"Your Amazon order refund of Rs 3,299 is pending. Share your UPI PIN or card details to receive it: http://amazon-refund-help.top",UPI refund
"DTDC: Your parcel could not be delivered. Reschedule and pay Rs 30 here within 12 hours or it will be returned: http://dtdc-reschedule.xyz",parcel
"CBI notice: A parcel in your name contains illegal items. You are under digital arrest. Stay on video call and do not tell anyone.",fake authority
"Your gas subsidy of Rs 2,500 is on hold. Update your Aadhaar and bank details to receive it: http://lpg-subsidy-update.in.net",fake authority
"Dear user, your Jio number will be blocked tonight due to expired KYC. Call 9900100000 immediately to avoid disconnection.",fake KYC
"Earn Rs 20,000 per week by investing just Rs 2,000 in our crypto trading group. Guaranteed returns! Join Telegram now.",job offer
"Your bank account is flagged for suspicious activity. Share the OTP sent to your phone with our security team to keep it safe.",bank OTP